{
  "openapi": "3.0.0",
  "info": {
    "title": "Employee & Task Manager API",
    "version": "1.0.0",
    "description": "API to manage employees and their tasks"
  },
  "servers": [
    {
      "url": "http://localhost:3000"
    }
  ],
  "paths": {
    "/employees": {
      "get": {
        "tags": ["Employees"],
        "summary": "Get all employees",
        "responses": {
          "200": { "description": "List of employees" }
        }
      },
      "post": {
        "tags": ["Employees"],
        "summary": "Add a new employee",
        "requestBody": {
          "required": true,
          "content": {
            "application/json": {
              "schema": {
                "type": "object",
                "required": ["name", "email"],
                "properties": {
                  "name": { "type": "string" },
                  "email": { "type": "string" },
                  "position": { "type": "string" }
                }
              }
            }
          }
        },
        "responses": {
          "201": { "description": "Employee created" }
        }
      }
    },
    "/employees/{id}": {
      "get": {
        "tags": ["Employees"],
        "summary": "Get employee by ID",
        "parameters": [
          { "name": "id", "in": "path", "required": true, "schema": { "type": "string" } }
        ],
        "responses": { "200": { "description": "Employee found" }, "404": { "description": "Not found" } }
      },
      "put": {
        "tags": ["Employees"],
        "summary": "Update employee",
        "parameters": [
          { "name": "id", "in": "path", "required": true, "schema": { "type": "string" } }
        ],
        "requestBody": {
          "content": {
            "application/json": {
              "schema": { "type": "object" }
            }
          }
        },
        "responses": { "200": { "description": "Employee updated" } }
      },
      "delete": {
        "tags": ["Employees"],
        "summary": "Delete employee",
        "parameters": [
          { "name": "id", "in": "path", "required": true, "schema": { "type": "string" } }
        ],
        "responses": { "204": { "description": "Deleted" } }
      }
    },
    "/employees/{id}/tasks": {
      "get": {
        "tags": ["Employees"],
        "summary": "Get all tasks for an employee",
        "parameters": [
          { "name": "id", "in": "path", "required": true, "schema": { "type": "string" } }
        ],
        "responses": { "200": { "description": "List of tasks" } }
      }
    },
    "/employees/{id}/with-tasks": {
      "get": {
        "tags": ["Employees"],
        "summary": "Get employee info with their tasks",
        "parameters": [
          { "name": "id", "in": "path", "required": true, "schema": { "type": "string" } }
        ],
        "responses": { "200": { "description": "Employee with tasks" } }
      }
    },
    "/tasks": {
      "get": {
        "tags": ["Tasks"],
        "summary": "Get all tasks",
        "responses": { "200": { "description": "List of tasks" } }
      },
      "post": {
        "tags": ["Tasks"],
        "summary": "Create a new task",
        "requestBody": {
          "required": true,
          "content": {
            "application/json": {
              "schema": {
                "type": "object",
                "required": ["employeeId", "title", "description"],
                "properties": {
                  "employeeId": { "type": "string" },
                  "title": { "type": "string" },
                  "description": { "type": "string" }
                }
              }
            }
          }
        },
        "responses": { "201": { "description": "Task created" } }
      }
    },
    "/tasks/{id}": {
      "get": {
        "tags": ["Tasks"],
        "summary": "Get task by ID",
        "parameters": [
          { "name": "id", "in": "path", "required": true, "schema": { "type": "string" } }
        ],
        "responses": { "200": { "description": "Task found" }, "404": { "description": "Not found" } }
      },
      "put": {
        "tags": ["Tasks"],
        "summary": "Update task",
        "parameters": [
          { "name": "id", "in": "path", "required": true, "schema": { "type": "string" } }
        ],
        "requestBody": {
          "content": {
            "application/json": {
              "schema": { "type": "object" }
            }
          }
        },
        "responses": { "200": { "description": "Task updated" } }
      },
      "delete": {
        "tags": ["Tasks"],
        "summary": "Delete task",
        "parameters": [
          { "name": "id", "in": "path", "required": true, "schema": { "type": "string" } }
        ],
        "responses": { "204": { "description": "Deleted" } }
      }
    },
    "/tasks/employee/{employeeId}": {
      "get": {
        "tags": ["Tasks"],
        "summary": "Get tasks by employee ID",
        "parameters": [
          { "name": "employeeId", "in": "path", "required": true, "schema": { "type": "string" } }
        ],
        "responses": { "200": { "description": "Tasks found" } }
      }
    },
    "/tasks/{id}/start": {
      "patch": {
        "tags": ["Tasks"],
        "summary": "Start task timer",
        "parameters": [
          { "name": "id", "in": "path", "required": true, "schema": { "type": "string" } }
        ],
        "responses": { "200": { "description": "Task started" } }
      }
    },
    "/tasks/{id}/stop": {
      "patch": {
        "tags": ["Tasks"],
        "summary": "Stop task timer",
        "parameters": [
          { "name": "id", "in": "path", "required": true, "schema": { "type": "string" } }
        ],
        "responses": { "200": { "description": "Task stopped" } }
      }
    }
  }
}
